Label,Symbol,Name,Sector,Market Cap
0,PLD,PROLOGIS REIT INC,Real Estate,50667415.76
0,EXC,EXELON CORP,Utilities,28114878.65
0,SRE,SEMPRA ENERGY,Utilities,26517206.52
0,PSA,PUBLIC STORAGE REIT,Real Estate,22033700.01
0,PEG,PUBLIC SERVICE ENTERPRISE GROUP IN,Utilities,19120400.0
0,AVB,AVALONBAY COMMUNITIES REIT INC,Real Estate,17097842.49
0,EQR,EQUITY RESIDENTIAL REIT,Real Estate,17078586.8
0,PPL,PPL CORP,Utilities,15425740.2
0,EIX,EDISON INTERNATIONAL,Utilities,15187244.54
0,DTE,DTE ENERGY,Utilities,14883750.0
0,ETR,ENTERGY CORP,Utilities,14696363.13
0,HSY,HERSHEY FOODS,Consumer Staples,14121284.19
0,ARE,ALEXANDRIA REAL ESTATE EQUITIES RE,Real Estate,14051881.9
0,ESS,ESSEX PROPERTY TRUST REIT INC,Real Estate,12204587.46
0,PEAK,HEALTHPEAK PROPERTIES INC,Real Estate,10101612.8
0,MAA,MID AMERICA APARTMENT COMMUNITIES,Real Estate,9965121.68
0,DRE,DUKE REALTY REIT CORP,Real Estate,9564775.47
0,SUI,SUN COMMUNITIES REIT INC,Real Estate,9280929.73
0,EXR,EXTRA SPACE STORAGE REIT INC,Real Estate,8936882.24
0,WPC,W. P. CAREY REIT INC,Real Estate,8372264.7
0,UDR,UDR REIT INC,Real Estate,8262059.4
0,ELS,EQUITY LIFESTYLE PROPERTIES REIT I,Real Estate,8045846.64
0,MPW,MEDICAL PROPERTIES TRUST REIT INC,Real Estate,7193066.4
0,CNP,CENTERPOINT ENERGY INC,Utilities,6834359.77
0,CPT,CAMDEN PROPERTY TRUST REIT,Real Estate,6480706.0
0,PNW,PINNACLE WEST CORP,Utilities,6316333.2
0,IRM,IRON MOUNTAIN INC,Real Estate,5981844.55
0,CONE,CYRUSONE REIT INC,Real Estate,5925199.28
0,AMH,AMERICAN HOMES RENT REIT CLASS A,Real Estate,5057152.92
0,KRC,KILROY REALTY REIT CORP,Real Estate,4736182.0
0,OGE,OGE ENERGY CORP,Utilities,4666840.24
0,AIV,APARTMENT INVESTMENT AND MANAGEMEN,Real Estate,4327362.0
0,HTA,HEALTHCARE TRUST OF AMERICA REIT I,Real Estate,4215797.4
0,CUBE,CUBESMART REIT,Real Estate,3884637.4
0,LSI,LIFE STORAGE INC,Real Estate,3318747.9
1,FB,FACEBOOK CLASS A INC,Communication,408223582.05
1,NVDA,NVIDIA CORP,Information Technology,156244622.1
1,HON,HONEYWELL INTERNATIONAL INC,Industrials,78498400.64
1,QCOM,QUALCOMM INC,Information Technology,73033292.74
1,BLK,BLACKROCK INC,Financials,58763646.06
1,BKNG,BOOKING HOLDINGS INC,Consumer Discretionary,50476810.23
1,CAT,CATERPILLAR INC,Industrials,49576355.4
1,AMD,ADVANCED MICRO DEVICES INC,Information Technology,41438372.76
1,MU,MICRON TECHNOLOGY INC,Information Technology,40850637.68
1,ITW,ILLINOIS TOOL INC,Industrials,40249121.11
1,MS,MORGAN STANLEY,Financials,39496062.06
1,AMAT,APPLIED MATERIAL INC,Information Technology,38904746.25
1,CSX,CSX CORP,Industrials,38354122.44
1,ILMN,ILLUMINA INC,Health Care,37640365.48
1,ADSK,AUTODESK INC,Information Technology,36755339.6
1,NSC,NORFOLK SOUTHERN CORP,Industrials,34204449.84
1,ADI,ANALOG DEVICES INC,Information Technology,32390558.1
1,SCHW,CHARLES SCHWAB CORP,Financials,31659743.36
1,LRCX,LAM RESEARCH CORP,Information Technology,31024088.21
1,DXCM,DEXCOM INC,Health Care,25028440.84
1,WDAY,WORKDAY INC CLASS A,Information Technology,21857009.5
1,MET,METLIFE INC,Financials,21278823.9
1,APH,AMPHENOL CORP CLASS A,Information Technology,21039910.71
1,USD,USD CASH,Cash and/or Derivatives,20742456.22
1,SPLK,SPLUNK INC,Information Technology,20596182.04
1,PCAR,PACCAR INC,Industrials,18623229.62
1,CMI,CUMMINS INC,Industrials,18448270.19
1,PRU,PRUDENTIAL FINANCIAL INC,Financials,18231312.55
1,MCHP,MICROCHIP TECHNOLOGY INC,Information Technology,17429419.75
1,XLNX,XILINX INC,Information Technology,17017844.9
1,MRVL,MARVELL TECHNOLOGY GROUP LTD,Information Technology,16664231.64
1,FLT,FLEETCOR TECHNOLOGIES INC,Information Technology,16582168.56
1,SWKS,SKYWORKS SOLUTIONS INC,Information Technology,15997944.32
1,PANW,PALO ALTO NETWORKS INC,Information Technology,15895241.92
1,IAC,IAC INTERACTIVE,Communication,15341437.67
1,AME,AMETEK INC,Industrials,15196053.54
1,FTNT,FORTINET INC,Information Technology,14388736.17
1,ALGN,ALIGN TECHNOLOGY INC,Health Care,14003715.6
1,BMRN,BIOMARIN PHARMACEUTICAL INC,Health Care,13999912.56
1,AMP,AMERIPRISE FINANCE INC,Financials,13271967.8
1,SGEN,SEATTLE GENETICS INC,Health Care,13163461.15
1,LUV,SOUTHWEST AIRLINES,Industrials,13113746.52
1,CPRT,COPART INC,Industrials,12820707.0
1,NTRS,NORTHERN TRUST CORP,Financials,11924162.4
1,CDW,CDW CORP,Information Technology,11878186.24
1,ODFL,OLD DOMINION FREIGHT LINE INC,Industrials,11618416.25
1,MXIM,MAXIM INTEGRATED PRODUCTS INC,Information Technology,11581810.56
1,PAYC,PAYCOM SOFTWARE INC,Information Technology,10971797.76
1,TSCO,TRACTOR SUPPLY,Consumer Discretionary,10710303.24
1,ZBRA,ZEBRA TECHNOLOGIES CORP CLASS A,Information Technology,10259791.52
1,ALNY,ALNYLAM PHARMACEUTICALS INC,Health Care,10205509.14
1,IP,INTERNATIONAL PAPER,Materials,10135872.64
1,GWW,WW GRAINGER INC,Industrials,9961100.46
1,GDDY,GODADDY INC CLASS A,Information Technology,9930446.37
1,QRVO,QORVO INC,Information Technology,9543964.08
1,TER,TERADYNE INC,Information Technology,9051925.54
1,XYL,XYLEM INC,Industrials,8603366.2
1,IEX,IDEX CORP,Industrials,8598576.88
1,W,WAYFAIR INC CLASS A,Consumer Discretionary,8494147.1
1,SRPT,SAREPTA THERAPEUTICS INC,Health Care,8329574.4
1,NDSN,NORDSON CORP,Industrials,8261459.55
1,PKI,PERKINELMER INC,Health Care,8092653.03
1,PODD,INSULET CORP,Health Care,8087453.26
1,VMW,VMWARE CLASS A INC,Information Technology,7963833.57
1,CTLT,CATALENT INC,Health Care,7937244.35
1,ETFC,E TRADE FINANCIAL CORP,Financials,7835313.86
1,J,JACOBS ENGINEERING GROUP INC,Industrials,7830063.21
1,NBIX,NEUROCRINE BIOSCIENCES INC,Health Care,7819129.68
1,JBHT,JB HUNT TRANSPORT SERVICES INC,Industrials,7299464.04
1,MPWR,MONOLITHIC POWER SYSTEMS INC,Information Technology,6866151.0
1,RJF,RAYMOND JAMES INC,Financials,6651724.98
1,HZNP,HORIZON THERAPEUTICS PUBLIC PLC,Health Care,6595848.0
1,FFIV,F5 NETWORKS INC,Information Technology,6306483.62
1,MYL,MYLAN NV,Health Care,6304318.4
1,HUBS,HUBSPOT INC,Information Technology,6254177.82
1,GGG,GRACO INC,Industrials,6113355.18
1,CIEN,CIENA CORP,Information Technology,6076565.27
1,ZNGA,ZYNGA INC CLASS A,Communication,5910699.06
1,ENTG,ENTEGRIS INC,Information Technology,5866951.2
1,PTC,PTC INC,Information Technology,5625145.2
1,IONS,IONIS PHARMACEUTICALS INC,Health Care,5450050.44
1,SEIC,SEI INVESTMENTS,Financials,5436482.87
1,NUAN,NUANCE COMMUNICATIONS INC,Information Technology,5122540.5
1,GLIBA,GCI LIBERTY INC CLASS A,Communication,5053706.4
1,GNTX,GENTEX CORP,Consumer Discretionary,5014519.2
1,EHC,ENCOMPASS HEALTH CORP,Health Care,5005189.0
1,EXEL,EXELIXIS INC,Health Care,4962352.12
1,OLED,UNIVERSAL DISPLAY CORP,Information Technology,4924579.84
1,PRGO,PERRIGO PLC,Health Care,4866617.08
1,CREE,CREE INC,Information Technology,4817178.76
1,AOS,A O SMITH CORP,Industrials,4769178.84
1,CBSH,COMMERCE BANCSHARES INC,Financials,4595207.47
1,GRUB,GRUBHUB INC,Consumer Discretionary,4428427.51
1,RHI,ROBERT HALF,Industrials,4408033.06
1,BEN,FRANKLIN RESOURCES INC,Financials,4379917.8
1,BWXT,BWX TECHNOLOGIES INC,Industrials,4370971.93
1,MKSI,MKS INSTRUMENTS INC,Information Technology,4295400.6
1,IPGP,IPG PHOTONICS CORP,Information Technology,4272764.01
1,RP,REALPAGE INC,Information Technology,4048575.71
1,PBCT,PEOPLES UNITED FINANCIAL INC,Financials,3857209.62
1,UTHR,UNITED THERAPEUTICS CORP,Health Care,3758816.0
1,KNX,KNIGHT-SWIFT TRANSPORTATION HOLDIN,Industrials,3620263.68
1,LECO,LINCOLN ELECTRIC HOLDINGS INC,Industrials,3573522.74
1,HFC,HOLLYFRONTIER CORP,Energy,3338162.16
1,LSTR,LANDSTAR SYSTEM INC,Industrials,3238556.66
1,PCTY,PAYLOCITY HOLDING CORP,Information Technology,3237679.92
1,LOGM,LOGMEIN INC,Information Technology,3189836.76
1,BLUE,BLUEBIRD BIO INC,Health Care,3075837.6
1,ALSN,ALLISON TRANSMISSION HOLDINGS INC,Industrials,3011681.97
1,MAN,MANPOWER INC,Industrials,2905233.37
1,GPK,GRAPHIC PACKAGING HOLDING,Materials,2896420.9
1,EQT,EQT CORP,Energy,2839114.44
1,IVZ,INVESCO LTD,Financials,2819704.98
1,HUN,HUNTSMAN CORP,Materials,2817925.92
1,NEWR,NEW RELIC INC,Information Technology,2672891.52
1,AMG,AFFILIATED MANAGERS GROUP INC,Financials,2647677.84
1,IART,INTEGRA LIFESCIENCES HOLDINGS CORP,Health Care,2587222.0
1,NKTR,NEKTAR THERAPEUTICS,Health Care,2561917.52
1,QRTEA,QURATE RETAIL INC SERIES A,Consumer Discretionary,2493293.3
1,MSM,MSC INDUSTRIAL INC CLASS A,Industrials,2402765.04
1,MAT,MATTEL INC,Consumer Discretionary,2391532.0
1,AGIO,AGIOS PHARMACEUTICALS INC,Health Care,2293932.24
1,OZK,BANK OZK,Financials,2125551.7
1,TDC,TERADATA CORP,Information Technology,1886676.18
1,ALKS,ALKERMES,Health Care,1825687.9
1,FEYE,FIREEYE INC,Information Technology,1824582.24
1,VMI,VALMONT INDS INC,Industrials,1759224.72
1,BOH,BANK OF HAWAII CORP.,Financials,1751131.58
1,SAGE,SAGE THERAPEUTICS INC,Health Care,1414129.1
1,WWE,WORLD WRESTLING ENTERTAINMENT INC,Communication,1399401.12
1,R,RYDER SYSTEM INC,Industrials,1299699.18
1,UI,UBIQUITI INC,Information Technology,1007223.36
2,ROST,ROSS STORES INC,Consumer Discretionary,25447436.72
2,KMI,KINDER MORGAN INC,Energy,23081966.49
2,AIG,AMERICAN INTERNATIONAL GROUP INC,Financials,20794290.79
2,AFL,AFLAC INC,Financials,19767122.52
2,SYY,SYSCO CORP,Consumer Staples,19187315.55
2,TSN,TYSON FOODS INC CLASS A,Consumer Staples,13015699.2
2,LEN,LENNAR A CORP,Consumer Discretionary,12030218.9
2,VMC,VULCAN MATERIALS,Materials,10947290.59
2,HIG,HARTFORD FINANCIAL SERVICES GROUP,Financials,10605429.72
2,BURL,BURLINGTON STORES INC,Consumer Discretionary,10020281.04
2,ULTA,ULTA BEAUTY INC,Consumer Discretionary,9430490.0
2,MLM,MARTIN MARIETTA MATERIALS INC,Materials,8986630.64
2,NVR,NVR INC,Consumer Discretionary,7520375.01
2,DRI,DARDEN RESTAURANTS INC,Consumer Discretionary,7140430.44
2,FNF,FIDELITY NATIONAL FINANCIAL INC,Financials,6758864.35
2,HST,HOST HOTELS & RESORTS REIT INC,Real Estate,6622901.83
2,PHM,PULTEGROUP INC,Consumer Discretionary,6383322.33
2,FBHS,FORTUNE BRANDS HOME AND SECURITY I,Industrials,6194150.0
2,LKQ,LKQ CORP,Consumer Discretionary,6179658.4
2,AES,AES CORP,Utilities,6068255.6
2,UHS,UNIVERSAL HEALTH SERVICES INC CLAS,Health Care,5595019.3
2,AGNC,AGNC INVESTMENT REIT CORP,Financials,5399550.72
2,BFAM,BRIGHT HORIZONS FAMILY SOLUTIONS I,Consumer Discretionary,5294432.85
2,FWONK,LIBERTY MEDIA FORMULA ONE CORP SER,Communication,5193100.15
2,G,GENPACT LTD,Information Technology,4756455.77
2,ARMK,ARAMARK,Consumer Discretionary,4679140.18
2,RGA,REINSURANCE GROUP OF AMERICA INC,Financials,4437514.62
2,MHK,MOHAWK INDUSTRIES INC,Consumer Discretionary,4352335.47
2,LAMR,LAMAR ADVERTISING COMPANY CLAS,Real Estate,4261995.1
2,JLL,JONES LANG LASALLE INC,Real Estate,4182153.9
2,BG,BUNGE LTD,Consumer Staples,4129211.52
2,FAF,FIRST AMERICAN FINANCIAL CORP,Financials,4106774.64
2,SERV,SERVICEMASTER GLOBAL HOLDINGS INC,Consumer Discretionary,3615048.0
2,SEE,SEALED AIR CORP,Materials,3610772.4
2,AXTA,AXALTA COATING SYSTEMS LTD,Materials,3513034.7
2,ORI,OLD REPUBLIC INTERNATIONAL CORP,Financials,3509086.84
2,AFG,AMERICAN FINANCIAL GROUP INC,Financials,3269101.71
2,LEG,LEGGETT & PLATT INC,Consumer Discretionary,3189717.96
2,MIDD,MIDDLEBY CORP,Industrials,3111072.08
2,WEN,WENDYS,Consumer Discretionary,3043950.64
2,WWD,WOODWARD INC,Industrials,3038261.8
2,TOL,TOLL BROTHERS INC,Consumer Discretionary,2886245.5
2,LB,L BRANDS INC,Consumer Discretionary,2649804.48
2,HXL,HEXCEL CORP,Industrials,2542389.15
2,KSS,KOHLS CORP,Consumer Discretionary,2500622.46
2,CLH,CLEAN HARBORS INC,Industrials,2318350.72
2,NRZ,NEW RESIDENTIAL INVESTMENT REIT CO,Financials,2181567.06
2,CHH,CHOICE HOTELS INTERNATIONAL INC,Consumer Discretionary,1967852.82
2,ACHC,ACADIA HEALTHCARE COMPANY INC,Health Care,1823760.41
2,DKS,DICKS SPORTING INC,Consumer Discretionary,1794321.36
2,VSAT,VIASAT INC,Information Technology,1770946.87
2,AGO,ASSURED GUARANTY LTD,Financials,1768588.8
2,GPS,GAP INC,Consumer Discretionary,1762352.28
2,MIC,MACQUARIE INFRASTRUCTURE CORP,Industrials,1725495.96
2,OUT,OUTFRONT MEDIA INC,Real Estate,1646318.2
2,M,MACYS INC,Consumer Discretionary,1635940.28
2,HHC,HOWARD HUGHES CORP,Real Estate,1620398.2
2,SPB,SPECTRUM BRANDS HOLDINGS INC,Consumer Staples,1582763.27
2,APLE,APPLE HOSPITALITY REIT INC,Real Estate,1570637.6
2,CIM,CHIMERA INVESTMENT CORP,Financials,1415106.27
2,CMD,CANTEL MEDICAL CORP,Health Care,1208863.98
2,SVC,SERVICE PROPERTIES TRUST,Real Estate,1143854.7
2,GHC,GRAHAM HOLDINGS COMPANY CLASS B,Consumer Discretionary,1085623.2
2,MAC,MACERICH REIT,Real Estate,1073735.2
2,TWO,TWO HARBORS INVESTMENT REIT CORP,Financials,1021747.1
2,COTY,COTY INC CLASS A,Consumer Staples,987145.72
2,CLNY,COLONY CAPITAL INC CLASS A,Real Estate,867303.8
2,MFA,MFA FINANCIAL REIT INC,Financials,820987.3
2,FWONA,LIBERTY MEDIA FORMULA ONE CORP SER,Communication,498867.25
2,ANAT,AMERICAN NATIONAL INSURANCE,Financials,399395.28
3,C,CITIGROUP INC,Financials,77824185.3
3,GM,GENERAL MOTORS,Consumer Discretionary,24895080.5
3,COF,CAPITAL ONE FINANCIAL CORP,Financials,22873817.28
3,HCA,HCA HEALTHCARE INC,Health Care,20797214.79
3,SLB,SCHLUMBERGER NV,Energy,19599313.5
3,MAR,MARRIOTT INTERNATIONAL INC CLASS A,Consumer Discretionary,19186306.56
3,F,FORD MOTOR CO,Consumer Discretionary,18110478.13
3,TDG,TRANSDIGM GROUP INC,Industrials,16424129.68
3,APTV,APTIV PLC,Consumer Discretionary,14196653.6
3,DFS,DISCOVER FINANCIAL SERVICES,Financials,11656411.92
3,OKE,ONEOK INC,Energy,11008439.37
3,FITB,FIFTH THIRD BANCORP,Financials,10746528.0
3,SYF,SYNCHRONY FINANCIAL,Financials,10335411.5
3,KEY,KEYCORP,Financials,9383903.0
3,RF,REGIONS FINANCIAL CORP,Financials,8288313.0
3,HAL,HALLIBURTON,Energy,8056822.04
3,CFG,CITIZENS FINANCIAL GROUP INC,Financials,8016343.2
3,CE,CELANESE CORP,Materials,7719565.44
3,HBAN,HUNTINGTON BANCSHARES INC,Financials,7304861.4
3,RCL,ROYAL CARIBBEAN CRUISES LTD,Consumer Discretionary,7084392.15
3,UAL,UNITED AIRLINES HOLDINGS INC,Industrials,6741802.2
3,WYNN,WYNN RESORTS LTD,Consumer Discretionary,6701065.28
3,MGM,MGM RESORTS INTERNATIONAL,Consumer Discretionary,6663400.56
3,CCL,CARNIVAL CORP,Consumer Discretionary,5873879.2
3,ON,ON SEMICONDUCTOR CORP,Information Technology,5572146.72
3,ALLY,ALLY FINANCIAL INC,Financials,5404860.5
3,FANG,DIAMONDBACK ENERGY INC,Energy,5332515.6
3,LEA,LEAR CORP,Consumer Discretionary,5054318.58
3,CZR,CAESARS ENTERTAINMENT CORP,Consumer Discretionary,4869221.94
3,LPLA,LPL FINANCIAL HOLDINGS INC,Financials,4635318.09
3,ST,SENSATA TECHNOLOGIES HOLDING PLC,Industrials,4371251.97
3,ACM,AECOM,Industrials,4358574.75
3,SBNY,SIGNATURE BANK,Financials,4166324.4
3,HDS,HD SUPPLY HOLDINGS INC,Industrials,4113741.72
3,CMA,COMERICA INC,Financials,4078499.1
3,STLD,STEEL DYNAMICS INC,Materials,3896077.5
3,NATI,NATIONAL INSTRUMENTS CORP,Information Technology,3670176.42
3,APA,APACHE CORP,Energy,3622882.61
3,DVN,DEVON ENERGY CORP,Energy,3521029.8
3,BC,BRUNSWICK CORP,Consumer Discretionary,3466679.58
3,NBL,NOBLE ENERGY INC,Energy,3462555.52
3,TRGP,TARGA RESOURCES CORP,Energy,3426577.56
3,TCF,TCF FINANCIAL CORP,Financials,3343368.0
3,MOS,MOSAIC,Materials,3256327.98
3,NCLH,NORWEGIAN CRUISE LINE HOLDINGS LTD,Consumer Discretionary,3240326.25
3,PVH,PVH CORP,Consumer Discretionary,2859743.68
3,DXC,DXC TECHNOLOGY,Information Technology,2785814.01
3,BPOP,POPULAR INC,Financials,2728047.0
3,AGCO,AGCO CORP,Industrials,2680838.04
3,WAL,WESTERN ALLIANCE,Financials,2580015.16
3,AL,AIR LEASE CORP CLASS A,Industrials,2491699.9
3,PE,PARSLEY ENERGY INC CLASS A,Energy,2369192.4
3,TPX,TEMPUR SEALY INTERNATIONAL INC,Consumer Discretionary,2337314.76
3,GRA,WR GRACE,Materials,2307361.6
3,WYND,WYNDHAM DESTINATIONS INC,Consumer Discretionary,2223464.91
3,PNFP,PINNACLE FINANCIAL PARTNERS INC,Financials,2171383.5
3,TKR,TIMKEN,Industrials,2168799.75
3,FHN,FIRST HORIZON NATIONAL CORP,Financials,2161988.78
3,SNV,SYNOVUS FINANCIAL CORP,Financials,2157179.64
3,MTG,MGIC INVESTMENT CORP,Financials,2044216.11
3,CFX,COLFAX CORP,Industrials,1994531.75
3,SPR,SPIRIT AEROSYSTEMS INC CLASS A,Industrials,1978085.62
3,UMPQ,UMPQUA HOLDINGS CORP,Financials,1969680.4
3,FCNCA,FIRST CITIZENS BANCSHARES INC CLAS,Financials,1933603.85
3,WPX,WPX ENERGY INC,Energy,1933417.16
3,WTFC,WINTRUST FINANCIAL CORP,Financials,1903365.2
3,WBS,WEBSTER FINANCIAL CORP,Financials,1879912.65
3,CPRI,CAPRI HOLDINGS LTD,Consumer Discretionary,1841539.95
3,FNB,FNB CORP,Financials,1740253.32
3,NCR,NCR CORP,Information Technology,1710803.16
3,AN,AUTONATION INC,Consumer Discretionary,1641263.0
3,STL,STERLING BANCORP,Financials,1639675.92
3,CIT,CIT GROUP INC,Financials,1628104.96
3,PACW,PACWEST BANCORP,Financials,1569770.82
3,NUS,NU SKIN ENTERPRISES INC CLASS A,Consumer Staples,1484789.12
3,MUR,MURPHY OIL CORP,Energy,1465827.28
3,ADS,ALLIANCE DATA SYSTEMS CORP,Information Technology,1442750.53
3,H,HYATT HOTELS CORP CLASS A,Consumer Discretionary,1420654.08
3,SIX,SIX FLAGS ENTERTAINMENT CORP,Consumer Discretionary,1405228.55
3,SC,SANTANDER CONSUMER USA HOLDINGS IN,Financials,1398007.8
3,GT,GOODYEAR TIRE & RUBBER,Consumer Discretionary,1388663.12
3,BKU,BANKUNITED INC,Financials,1248844.8
3,TCBI,TEXAS CAPITAL BANCSHARES INC,Financials,1246498.4
3,FLR,FLUOR CORP,Industrials,1225233.69
3,WCC,WESCO INTERNATIONAL INC,Industrials,1193638.88
3,OMF,ONEMAIN HOLDINGS INC,Financials,1193167.72
3,CNK,CINEMARK HOLDINGS INC,Communication,1118827.86
3,CPA,COPA HOLDINGS A SA,Industrials,1105816.48
3,MD,MEDNAX INC,Health Care,1082312.16
3,NAVI,NAVIENT CORP,Financials,1051949.04
3,PBF,PBF ENERGY INC CLASS A,Energy,1042639.08
3,OI,O I GLASS INC,Materials,947231.2
3,CLR,CONTINENTAL RESOURCES INC,Energy,934444.24
3,PAG,PENSKE AUTOMOTIVE GROUP VOTING INC,Consumer Discretionary,891610.72
3,IGT,INTERNATIONAL GAME TECHNOLOGY PLC,Consumer Discretionary,751783.2
3,PTEN,PATTERSON UTI ENERGY INC,Energy,687514.88
3,BGCP,BGC PARTNERS INC CLASS A,Financials,564262.09
3,KOS,KOSMOS ENERGY LTD,Energy,524015.34
4,JNJ,JOHNSON & JOHNSON,Health Care,284820263.42
4,PG,PROCTER & GAMBLE,Consumer Staples,215332935.42
4,VZ,VERIZON COMMUNICATIONS INC,Communication,177813435.6
4,MRK,MERCK & CO INC,Health Care,149953262.55
4,PFE,PFIZER INC,Health Care,141004854.0
4,KO,COCA-COLA,Consumer Staples,132869325.6
4,WMT,WALMART INC,Consumer Staples,127009225.53
4,COST,COSTCO WHOLESALE CORP,Consumer Staples,100600560.3
4,LLY,ELI LILLY,Health Care,93269035.36
4,DHR,DANAHER CORP,Health Care,78381092.5
4,LMT,LOCKHEED MARTIN CORP,Industrials,72239306.16
4,CVS,CVS HEALTH CORP,Health Care,62392290.2
4,MO,ALTRIA GROUP INC,Consumer Staples,55944009.46
4,MDLZ,MONDELEZ INTERNATIONAL INC CLASS A,Consumer Staples,54651732.1
4,BDX,BECTON DICKINSON,Health Care,47973207.33
4,ADP,AUTOMATIC DATA PROCESSING INC,Information Technology,47342273.12
4,EQIX,EQUINIX REIT INC,Real Estate,43851980.4
4,NOC,NORTHROP GRUMMAN CORP,Industrials,38181760.5
4,DG,DOLLAR GENERAL CORP,Consumer Discretionary,36518412.24
4,KMB,KIMBERLY CLARK CORP,Consumer Staples,35606721.2
4,PGR,PROGRESSIVE CORP,Financials,33715312.8
4,WM,WASTE MANAGEMENT INC,Industrials,33405427.2
4,BAX,BAXTER INTERNATIONAL INC,Health Care,30716905.63
4,GIS,GENERAL MILLS INC,Consumer Staples,27909751.22
4,SBAC,SBA COMMUNICATIONS REIT CORP CLASS,Real Estate,24655510.0
4,VRSK,VERISK ANALYTICS INC,Industrials,19751216.76
4,MNST,MONSTER BEVERAGE CORP,Consumer Staples,19745190.6
4,PAYX,PAYCHEX INC,Information Technology,17695715.12
4,RMD,RESMED INC,Health Care,17064717.6
4,BLL,BALL CORP,Materials,16509338.36
4,MKC,MCCORMICK & CO NON-VOTING INC,Consumer Staples,15681123.36
4,CHD,CHURCH AND DWIGHT INC,Consumer Staples,13974141.08
4,MKTX,MARKETAXESS HOLDINGS INC,Financials,13539137.16
4,RSG,REPUBLIC SERVICES INC,Industrials,13210056.54
4,K,KELLOGG,Consumer Staples,12007317.07
4,CAG,CONAGRA BRANDS INC,Consumer Staples,11573124.92
4,JKHY,JACK HENRY AND ASSOCIATES INC,Information Technology,10294089.3
4,HRL,HORMEL FOODS CORP,Consumer Staples,9812605.28
4,NDAQ,NASDAQ INC,Financials,9784686.75
4,SJM,JM SMUCKER,Consumer Staples,8801237.16
4,BRO,BROWN & BROWN INC,Financials,7282362.88
4,CPB,CAMPBELL SOUP,Consumer Staples,6049112.94
4,ATR,APTARGROUP INC,Materials,5028186.0
4,ROL,ROLLINS INC,Industrials,4485189.42
4,CASY,CASEYS GENERAL STORES INC,Consumer Staples,4096964.32
4,COR,CORESITE REALTY REIT CORP,Real Estate,3531977.46
4,FLO,FLOWERS FOODS INC,Consumer Staples,3277865.36
4,ERIE,ERIE INDEMNITY CLASS A,Financials,3271774.1
5,SPG,SIMON PROPERTY GROUP REIT INC,Real Estate,16703995.36
5,WELL,WELLTOWER INC,Real Estate,16043390.62
5,O,REALTY INCOME REIT CORP,Real Estate,14227135.52
5,BXP,BOSTON PROPERTIES REIT INC,Real Estate,10796827.31
5,VTR,VENTAS REIT INC,Real Estate,10346528.28
5,NLY,ANNALY CAPITAL MANAGEMENT REIT INC,Financials,7162345.76
5,REG,REGENCY CENTERS REIT CORP,Real Estate,5713427.2
5,GLPI,GAMING AND LEISURE PROPERTIES REIT,Real Estate,5436566.7
5,VNO,VORNADO REALTY TRUST REIT,Real Estate,5150271.24
5,UGI,UGI CORP,Utilities,5081474.55
5,FRT,FEDERAL REALTY INVESTMENT TRUST RE,Real Estate,5053986.65
5,OHI,OMEGA HEALTHCARE INVESTORS REIT IN,Real Estate,5045026.41
5,VER,VEREIT INC,Real Estate,4979131.1
5,NNN,NATIONAL RETAIL PROPERTIES REIT IN,Real Estate,4462636.56
5,KIM,KIMCO REALTY REIT CORP,Real Estate,3921272.6
5,DEI,DOUGLAS EMMETT REIT INC,Real Estate,3748429.06
5,STOR,STORE CAPITAL CORP,Real Estate,3703262.64
5,ACC,AMERICAN CAMPUS COMMUNITIES REIT I,Real Estate,3639262.75
5,CUZ,COUSINS PROPERTIES REIT INC,Real Estate,3461098.1
5,MDU,MDU RESOURCES GROUP INC,Utilities,3154882.56
5,HIW,HIGHWOODS PROPERTIES REIT INC,Real Estate,3017175.42
5,STWD,STARWOOD PROPERTY TRUST REIT INC,Financials,3008374.26
5,BRX,BRIXMOR PROPERTY GROUP REIT INC,Real Estate,2885356.32
5,HPP,HUDSON PACIFIC PROPERTIES REIT INC,Real Estate,2876183.69
5,SLG,SL GREEN REALTY REIT CORP,Real Estate,2866545.89
5,SRC,SPIRIT REALTY CAPITAL REIT INC,Real Estate,2366641.2
5,EPR,EPR PROPERTIES REIT,Real Estate,2115155.28
5,OFC,CORPORATE OFFICE PROPERTIES TRUST,Real Estate,2092673.6
5,WRI,WEINGARTEN REALTY INVESTORS REIT,Real Estate,1858497.12
5,BDN,BRANDYWINE REALTY TRUST REIT,Real Estate,1460245.75
5,PGRE,PARAMOUNT GROUP REIT INC,Real Estate,1086797.25
5,RPAI,RETAIL PROPERTIES OF AMERICA REIT,Real Estate,1076383.44
5,CXP,COLUMBIA PROPERTY REIT INC TRUST,Real Estate,1049625.25
5,SITC,SITE CENTERS CORP,Real Estate,885659.08
5,ESRT,EMPIRE STATE REALTY REIT INC TRUST,Real Estate,859273.71
6,JPM,JPMORGAN CHASE & CO,Financials,230731337.35
6,DIS,WALT DISNEY,Communication,149675468.8
6,XOM,EXXON MOBIL CORP,Energy,148786741.66
6,BAC,BANK OF AMERICA CORP,Financials,145592321.56
6,CVX,CHEVRON CORP,Energy,129673635.75
6,TSLA,TESLA INC,Consumer Discretionary,106791565.32
6,AVGO,BROADCOM INC,Information Technology,86350750.0
6,UNP,UNION PACIFIC CORP,Industrials,86299091.58
6,WFC,WELLS FARGO,Financials,75959160.45
6,RTX,RAYTHEON TECHNOLOGIES CORP,Industrials,70023636.15
6,BA,BOEING,Industrials,68480760.0
6,AXP,AMERICAN EXPRESS,Financials,49672313.6
6,GS,GOLDMAN SACHS GROUP INC,Financials,47059441.56
6,GE,GENERAL ELECTRIC,Industrials,45784751.3
6,USB,US BANCORP,Financials,38353141.32
6,TFC,TRUIST FINANCIAL CORP,Financials,38210222.84
6,PNC,PNC FINANCIAL SERVICES GROUP INC,Financials,35212535.28
6,COP,CONOCOPHILLIPS,Energy,34844149.08
6,DE,DEERE,Industrials,32608092.71
6,DD,DUPONT DE NEMOURS INC,Materials,28203214.2
6,EMR,EMERSON ELECTRIC,Industrials,28179499.1
6,LULU,LULULEMON ATHLETICA INC,Consumer Discretionary,27705842.28
6,ETN,EATON PLC,Industrials,26750910.68
6,PSX,PHILLIPS,Energy,25250625.0
6,FDX,FEDEX CORP,Industrials,23706578.83
6,BK,BANK OF NEW YORK MELLON CORP,Financials,23010987.6
6,EOG,EOG RESOURCES INC,Energy,22635000.3
6,JCI,JOHNSON CONTROLS INTERNATIONAL PLC,Industrials,19452162.18
6,CMG,CHIPOTLE MEXICAN GRILL INC,Consumer Discretionary,19384333.8
6,TWTR,TWITTER INC,Communication,18978938.91
6,VLO,VALERO ENERGY CORP,Energy,18963774.28
6,ZBH,ZIMMER BIOMET HOLDINGS INC,Health Care,18874823.4
6,ROK,ROCKWELL AUTOMATION INC,Industrials,18043849.96
6,PPG,PPG INDUSTRIES INC,Materials,17955347.32
6,MPC,MARATHON PETROLEUM CORP,Energy,17370771.76
6,HPQ,HP INC,Information Technology,17365859.46
6,PH,PARKER-HANNIFIN CORP,Industrials,16942440.32
6,WMB,WILLIAMS INC,Energy,16763878.21
6,STT,STATE STREET CORP,Financials,16500882.03
6,HLT,HILTON WORLDWIDE HOLDINGS INC,Consumer Discretionary,16053060.64
6,SWK,STANLEY BLACK & DECKER INC,Industrials,14818762.7
6,FRC,FIRST REPUBLIC BANK,Financials,13594286.58
6,BBY,BEST BUY INC,Consumer Discretionary,12887231.25
6,LYB,LYONDELLBASELL INDUSTRIES NV CLASS,Materials,12805751.7
6,LVS,LAS VEGAS SANDS CORP,Consumer Discretionary,12489035.99
6,PXD,PIONEER NATURAL RESOURCE,Energy,12182921.6
6,DAL,DELTA AIR LINES INC,Industrials,11812987.2
6,OXY,OCCIDENTAL PETROLEUM CORP,Energy,11778073.92
6,CBRE,CBRE GROUP INC CLASS A,Real Estate,11753755.86
6,FCX,FREEPORT MCMORAN INC,Materials,10916152.39
6,TIF,TIFFANY,Consumer Discretionary,10874398.34
6,KMX,CARMAX INC,Consumer Discretionary,10797947.58
6,DOV,DOVER CORP,Industrials,10603837.4
6,MTB,M&T BANK CORP,Financials,10536174.08
6,KSU,KANSAS CITY SOUTHERN,Industrials,10506078.04
6,HES,HESS CORP,Energy,9920325.36
6,WDC,WESTERN DIGITAL CORP,Information Technology,9501010.75
6,EXAS,EXACT SCIENCES CORP,Health Care,9482625.3
6,TDY,TELEDYNE TECHNOLOGIES INC,Industrials,9387060.84
6,SSNC,SS AND C TECHNOLOGIES HOLDINGS INC,Information Technology,9387028.68
6,FMC,FMC CORP,Materials,9359380.26
6,NUE,NUCOR CORP,Materials,9246649.68
6,FICO,FAIR ISAAC CORP,Information Technology,8761661.79
6,CXO,CONCHO RESOURCES INC,Energy,8759104.34
6,WAB,WESTINGHOUSE AIR BRAKE TECHNOLOGIE,Industrials,8229480.0
6,PFG,PRINCIPAL FINANCIAL GROUP INC,Financials,8190385.2
6,LNG,CHENIERE ENERGY INC,Energy,8118892.6
6,SIVB,SVB FINANCIAL GROUP,Financials,8090299.8
6,AMTD,TD AMERITRADE HOLDING CORP,Financials,7994027.21
6,URI,UNITED RENTALS INC,Industrials,7947555.45
6,EXPE,EXPEDIA GROUP INC,Consumer Discretionary,7927449.51
6,TRMB,TRIMBLE INC,Information Technology,7897378.74
6,IT,GARTNER INC,Information Technology,7779814.4
6,BKR,BAKER HUGHES CLASS A,Energy,7665123.93
6,EMN,EASTMAN CHEMICAL,Materials,6992369.53
6,DISH,DISH NETWORK CORP CLASS A,Communication,6095035.35
6,SIRI,SIRIUS XM HOLDINGS INC,Communication,5982151.5
6,LNC,LINCOLN NATIONAL CORP,Financials,5879674.71
6,TXT,TEXTRON INC,Industrials,5490841.48
6,SNA,SNAP ON INC,Industrials,5394665.13
6,XPO,XPO LOGISTICS INC,Industrials,5209611.16
6,BWA,BORGWARNER INC,Consumer Discretionary,5192352.12
6,HUBB,HUBBELL INC,Industrials,5130646.35
6,DISCK,DISCOVERY INC SERIES C,Communication,5084556.45
6,WEX,WEX INC,Information Technology,5081490.6
6,NYT,NEW YORK TIMES CLASS A,Communication,4890244.38
6,WSM,WILLIAMS SONOMA INC,Consumer Discretionary,4801561.5
6,PNR,PENTAIR,Industrials,4765408.24
6,CF,CF INDUSTRIES HOLDINGS INC,Materials,4723495.98
6,VOYA,VOYA FINANCIAL INC,Financials,4674579.25
6,RS,RELIANCE STEEL & ALUMINUM,Materials,4614390.94
6,LYV,LIVE NATION ENTERTAINMENT INC,Communication,4569816.02
6,CACI,CACI INTERNATIONAL INC CLASS A,Information Technology,4395878.54
6,DCI,DONALDSON INC,Industrials,4326571.11
6,PB,PROSPERITY BANCSHARES INC,Financials,4194148.4
6,THO,THOR INDUSTRIES INC,Consumer Discretionary,4192734.84
6,PII,POLARIS INC,Consumer Discretionary,4176976.76
6,AAL,AMERICAN AIRLINES GROUP INC,Industrials,4168603.82
6,OC,OWENS CORNING,Industrials,4155353.04
6,ZION,ZIONS BANCORPORATION,Financials,4047336.02
6,PWR,QUANTA SERVICES INC,Industrials,4031374.62
6,EWBC,EAST WEST BANCORP INC,Financials,3983334.25
6,ARW,ARROW ELECTRONICS INC,Information Technology,3970546.19
6,MANH,MANHATTAN ASSOCIATES INC,Information Technology,3970176.54
6,EEFT,EURONET WORLDWIDE INC,Information Technology,3874948.74
6,CDK,CDK GLOBAL INC,Information Technology,3860517.64
6,NOV,NATIONAL OILWELL VARCO INC,Energy,3783109.0
6,MRO,MARATHON OIL CORP,Energy,3712374.06
6,OSK,OSHKOSH CORP,Industrials,3695383.66
6,ITT,ITT INC,Industrials,3683330.56
6,LOPE,GRAND CANYON EDUCATION INC,Consumer Discretionary,3593827.2
6,NYCB,NEW YORK COMMUNITY BANCORP INC,Financials,3548538.26
6,PRI,PRIMERICA INC,Financials,3541390.71
6,HEI,HEICO CORP,Industrials,3468927.28
6,JBL,JABIL INC,Information Technology,3464697.0
6,NWSA,NEWS CORP CLASS A,Communication,3434478.46
6,CACC,CREDIT ACCEPTANCE CORP,Financials,3231513.6
6,CFR,CULLEN FROST BANKERS INC,Financials,3229667.73
6,LM,LEGG MASON INC,Financials,3206352.0
6,SKX,SKECHERS USA INC CLASS A,Consumer Discretionary,3184229.52
6,HLF,HERBALIFE NUTRITION LTD,Consumer Staples,3166027.2
6,ALK,ALASKA AIR GROUP INC,Industrials,3156192.38
6,EV,EATON VANCE COM NON VOTING CORP,Financials,3147236.88
6,FSLR,FIRST SOLAR INC,Information Technology,3142731.04
6,HBI,HANESBRANDS INC,Consumer Discretionary,3124800.0
6,CW,CURTISS WRIGHT CORP,Industrials,3034897.64
6,SNX,SYNNEX CORP,Information Technology,3025094.82
6,DLB,DOLBY LABORATORIES INC CLASS A,Information Technology,3015476.32
6,NXST,NEXSTAR MEDIA GROUP INC CLASS A,Communication,2978406.0
6,LFUS,LITTELFUSE INC,Information Technology,2952079.9
6,AYI,ACUITY BRANDS INC,Industrials,2928058.98
6,TPR,TAPESTRY INC,Consumer Discretionary,2899076.04
6,JEF,JEFFERIES FINANCIAL GROUP INC,Financials,2824092.36
6,AWI,ARMSTRONG WORLD INDUSTRIES INC,Industrials,2814210.46
6,FLS,FLOWSERVE CORP,Industrials,2744010.0
6,DISCA,DISCOVERY INC SERIES A,Communication,2724005.56
6,ASH,ASHLAND GLOBAL,Materials,2698783.74
6,RL,RALPH LAUREN CORP CLASS A,Consumer Discretionary,2692249.01
6,HOG,HARLEY DAVIDSON INC,Consumer Discretionary,2673665.28
6,SLM,SLM CORP,Financials,2524586.68
6,COHR,COHERENT INC,Information Technology,2509626.9
6,KEX,KIRBY CORP,Industrials,2448383.88
6,UNM,UNUM,Financials,2420222.35
6,ZG,ZILLOW GROUP INC CLASS A,Communication,2390436.72
6,SCCO,SOUTHERN COPPER CORP,Materials,2360420.8
6,JBLU,JETBLUE AIRWAYS CORP,Industrials,2347731.87
6,RBC,REGAL BELOIT CORP,Industrials,2339790.09
6,FL,FOOT LOCKER INC,Consumer Discretionary,2281285.23
6,XEC,CIMAREX ENERGY,Energy,2232512.96
6,XRX,XEROX HOLDINGS CORP,Information Technology,2140637.4
6,CR,CRANE,Industrials,2116987.68
6,LAZ,LAZARD LTD CLASS A,Financials,2060117.45
6,EXP,EAGLE MATERIALS INC,Materials,1963153.29
6,AVT,AVNET INC,Information Technology,1898591.28
6,COLM,COLUMBIA SPORTSWEAR,Consumer Discretionary,1802136.21
6,EVR,EVERCORE INC CLASS A,Financials,1713527.41
6,TRN,TRINITY INDUSTRIES INC,Industrials,1692620.9
6,ESI,ELEMENT SOLUTIONS INC,Materials,1638650.78
6,ASB,ASSOCIATED BANCORP,Financials,1596603.71
6,STAY,EXTENDED STAY AMERICA UNITS INC,Consumer Discretionary,1584021.67
6,HP,HELMERICH & PAYNE INC,Energy,1578031.08
6,TREE,LENDINGTREE INC,Financials,1514576.28
6,JWN,NORDSTROM INC,Consumer Discretionary,1478741.6
6,TRIP,TRIPADVISOR INC,Communication,1475784.0
6,COMM,COMMSCOPE HOLDING INC,Information Technology,1473381.6
6,OLN,OLIN CORP,Materials,1463533.72
6,AA,ALCOA CORP,Materials,1449640.82
6,BOKF,BOK FINANCIAL CORP,Financials,1439600.03
6,CBT,CABOT CORP,Materials,1382157.63
6,TWOU,2U INC,Information Technology,1336815.25
6,UAA,UNDER ARMOUR INC CLASS A,Consumer Discretionary,1330298.25
6,WLK,WESTLAKE CHEMICAL CORP,Materials,1255945.13
6,NWS,NEWS CORP CLASS B,Communication,1154650.64
6,SATS,ECHOSTAR CORP CLASS A,Information Technology,1044467.82
6,SBGI,SINCLAIR BROADCAST GROUP INC CLASS,Communication,993688.72
6,RRC,RANGE RESOURCES CORP,Energy,972484.74
6,X,US STEEL CORP,Materials,968504.11
6,AMCX,AMC NETWORKS CLASS A INC,Communication,939819.42
6,RIG,TRANSOCEAN LTD,Energy,880774.54
6,URBN,URBAN OUTFITTERS INC,Consumer Discretionary,812043.21
6,AR,ANTERO RESOURCES CORP,Energy,577193.76
6,CHK,CHESAPEAKE ENERGY CORP,Energy,86594.76
7,MSFT,MICROSOFT CORP,Information Technology,1072334596.41
7,AAPL,APPLE INC,Information Technology,1053941673.5
7,AMZN,AMAZON COM INC,Consumer Discretionary,814167972.48
7,GOOG,ALPHABET INC CLASS C,Communication,320357691.84
7,GOOGL,ALPHABET INC CLASS A,Communication,319470579.6
7,V,VISA INC CLASS A,Information Technology,246310286.16
7,MA,MASTERCARD INC CLASS A,Information Technology,196533170.0
7,INTC,INTEL CORPORATION CORP,Information Technology,194491794.3
7,CSCO,CISCO SYSTEMS INC,Information Technology,142396079.1
7,ADBE,ADOBE INC,Information Technology,141958551.28
7,NFLX,NETFLIX INC,Communication,136417513.6
7,CMCSA,COMCAST CORP CLASS A,Communication,134545860.0
7,ABBV,ABBVIE INC,Health Care,123772971.42
7,ABT,ABBOTT LABORATORIES,Health Care,115047189.18
7,CRM,SALESFORCE.COM INC,Information Technology,109948380.45
7,TMO,THERMO FISHER SCIENTIFIC INC,Health Care,102089690.04
7,BMY,BRISTOL MYERS SQUIBB,Health Care,100925142.41
7,AMGN,AMGEN INC,Health Care,98242320.0
7,ACN,ACCENTURE PLC CLASS A,Information Technology,95051230.05
7,TXN,TEXAS INSTRUMENT INC,Information Technology,88912848.69
7,NKE,NIKE INC CLASS B,Consumer Discretionary,84689498.92
7,LIN,LINDE PLC,Materials,81385216.95
7,IBM,INTERNATIONAL BUSINESS MACHINES CO,Information Technology,79660998.36
7,ORCL,ORACLE CORP,Information Technology,78361042.48
7,GILD,GILEAD SCIENCES INC,Health Care,70705205.28
7,MMM,3M,Industrials,64878680.22
7,FIS,FIDELITY NATIONAL INFORMATION SERV,Information Technology,62294934.93
7,UPS,UNITED PARCEL SERVICE INC CLASS B,Industrials,53391465.99
7,NOW,SERVICENOW INC,Information Technology,53156961.65
7,INTU,INTUIT INC,Information Technology,52625521.43
7,VRTX,VERTEX PHARMACEUTICALS INC,Health Care,52106663.84
7,ZTS,ZOETIS INC CLASS A,Health Care,47752104.18
7,ISRG,INTUITIVE SURGICAL INC,Health Care,47748862.8
7,TGT,TARGET CORP,Consumer Discretionary,43989289.59
7,REGN,REGENERON PHARMACEUTICALS INC,Health Care,42483553.92
7,ATVI,ACTIVISION BLIZZARD INC,Communication,41087217.6
7,GPN,GLOBAL PAYMENTS INC,Information Technology,39788062.72
7,APD,AIR PRODUCTS AND CHEMICALS INC,Materials,39034606.84
7,BIIB,BIOGEN INC,Health Care,37416760.64
7,BSX,BOSTON SCIENTIFIC CORP,Health Care,37043293.5
7,LHX,L3HARRIS TECHNOLOGIES INC,Industrials,33052785.49
7,EW,EDWARDS LIFESCIENCES CORP,Health Care,32254654.9
7,MCO,MOODYS CORP,Financials,31981262.72
7,EL,ESTEE LAUDER INC CLASS A,Consumer Staples,31425174.0
7,ROP,ROPER TECHNOLOGIES INC,Industrials,30568408.3
7,EBAY,EBAY INC,Consumer Discretionary,27476811.0
7,EA,ELECTRONIC ARTS INC,Communication,26592439.66
7,CNC,CENTENE CORP,Health Care,26450765.44
7,WBA,WALGREEN BOOTS ALLIANCE INC,Consumer Staples,23442008.0
7,CTSH,COGNIZANT TECHNOLOGY SOLUTIONS COR,Information Technology,22487135.22
7,KLAC,KLA CORP,Information Technology,21434304.26
7,VEEV,VEEVA SYSTEMS INC CLASS A,Health Care,21184038.45
7,TROW,T ROWE PRICE GROUP INC,Financials,20865059.2
7,INFO,IHS MARKIT LTD,Industrials,20412930.54
7,SNPS,SYNOPSYS INC,Information Technology,20402986.56
7,A,AGILENT TECHNOLOGIES INC,Health Care,20077368.63
7,IDXX,IDEXX LABORATORIES INC,Health Care,19329122.47
7,CSGP,COSTAR GROUP INC,Industrials,19091888.42
7,CDNS,CADENCE DESIGN SYSTEMS INC,Information Technology,18759452.67
7,MSCI,MSCI INC,Financials,18691360.98
7,MCK,MCKESSON CORP,Health Care,17907873.28
7,ALXN,ALEXION PHARMACEUTICALS INC,Health Care,17800064.88
7,MSI,MOTOROLA SOLUTIONS INC,Information Technology,17764291.44
7,FAST,FASTENAL,Industrials,17585049.92
7,ANSS,ANSYS INC,Information Technology,17269277.76
7,VRSN,VERISIGN INC,Information Technology,16081070.72
7,CERN,CERNER CORP,Health Care,16075169.6
7,GLW,CORNING INC,Information Technology,15096055.05
7,RNG,RINGCENTRAL INC CLASS A,Information Technology,14567394.65
7,KEYS,KEYSIGHT TECHNOLOGIES INC,Information Technology,13960968.22
7,MTD,METTLER TOLEDO INC,Health Care,13712067.85
7,INCY,INCYTE CORP,Health Care,12320101.89
7,CTXS,CITRIX SYSTEMS INC,Information Technology,12236712.12
7,AKAM,AKAMAI TECHNOLOGIES INC,Information Technology,11991584.64
7,CAH,CARDINAL HEALTH INC,Health Care,11681806.97
7,TTWO,TAKE TWO INTERACTIVE SOFTWARE INC,Communication,11539302.84
7,WST,WEST PHARMACEUTICAL SERVICES INC,Health Care,11234655.18
7,ABC,AMERISOURCEBERGEN CORP,Health Care,10502295.12
7,COO,COOPER INC,Health Care,10349246.7
7,LDOS,LEIDOS HOLDINGS INC,Information Technology,10199499.03
7,BR,BROADRIDGE FINANCIAL SOLUTIONS INC,Information Technology,10192895.65
7,TYL,TYLER TECHNOLOGIES INC,Information Technology,10151611.2
7,GRMN,GARMIN LTD,Consumer Discretionary,10115257.32
7,ANET,ARISTA NETWORKS INC,Information Technology,9923236.4
7,EXPD,EXPEDITORS INTERNATIONAL OF WASHIN,Industrials,9635137.26
7,STE,STERIS,Health Care,9519339.51
7,EPAM,EPAM SYSTEMS INC,Information Technology,9058725.15
7,WAT,WATER CORP,Health Care,8847657.7
7,NLOK,NORTONLIFELOCK INC,Information Technology,8552099.34
7,BKI,BLACK KNIGHT INC,Information Technology,8180852.9
7,CHRW,CH ROBINSON WORLDWIDE INC,Industrials,8067229.55
7,MASI,MASIMO CORP,Health Care,7976379.6
7,BAH,BOOZ ALLEN HAMILTON HOLDING CORP C,Information Technology,7927369.24
7,VAR,VARIAN MEDICAL SYSTEMS INC,Health Care,7886503.5
7,ABMD,ABIOMED INC,Health Care,7829223.6
7,POOL,POOL CORP,Consumer Discretionary,7309599.87
7,WU,WESTERN UNION,Information Technology,7217010.0
7,QGEN,QIAGEN NV,Health Care,7183891.56
7,AVY,AVERY DENNISON CORP,Materials,7156318.9
7,NTAP,NETAPP INC,Information Technology,7153546.62
7,BIO,BIO RAD LABORATORIES INC CLASS A,Health Care,7135795.52
7,ALLE,ALLEGION PLC,Industrials,7059740.28
7,PKG,PACKAGING CORP OF AMERICA,Materials,6984206.49
7,TECH,BIO TECHNE CORP,Health Care,6955700.17
7,ETSY,ETSY INC,Consumer Discretionary,6878194.56
7,CGNX,COGNEX CORP,Information Technology,6802368.78
7,ZEN,ZENDESK INC,Information Technology,6731444.44
7,GWRE,GUIDEWIRE SOFTWARE INC,Information Technology,6457228.54
7,DOX,AMDOCS LTD,Information Technology,6275254.8
7,JNPR,JUNIPER NETWORKS INC,Information Technology,5924438.3
7,ALB,ALBEMARLE CORP,Materials,5912193.24
7,HII,HUNTINGTON INGALLS INDUSTRIES INC,Industrials,5501020.8
7,MTN,VAIL RESORTS INC,Consumer Discretionary,5463666.28
7,DVA,DAVITA INC,Health Care,5301324.6
7,CHE,CHEMED CORP,Health Care,5054664.57
7,AZPN,ASPEN TECHNOLOGY INC,Information Technology,4978608.0
7,HRC,HILL ROM HOLDINGS INC,Health Care,4845487.5
7,PFPT,PROOFPOINT INC,Information Technology,4624412.64
7,JAZZ,JAZZ PHARMACEUTICALS PLC,Health Care,4528404.98
7,WSO,WATSCO INC,Industrials,4312239.12
7,FLIR,FLIR SYSTEMS INC,Information Technology,4305790.08
7,BRKR,BRUKER CORP,Health Care,3124459.4
7,CRI,CARTERS INC,Consumer Discretionary,2645047.41
7,ICUI,ICU MEDICAL INC,Health Care,2612292.57
7,PEGA,PEGASYSTEMS INC,Information Technology,2577996.48
7,SFM,SPROUTS FARMERS MARKET INC,Consumer Staples,2170257.88
7,NEU,NEWMARKET CORP,Materials,1987238.52
7,HAIN,HAIN CELESTIAL GROUP INC,Consumer Staples,1926038.4
7,PINC,PREMIER INC CLASS A,Health Care,1477187.33
7,USM,UNITED STATES CELLULAR CORP,Communication,325464.58
7,SPY,,,
8,PEP,PEPSICO INC,Consumer Staples,136286516.64
8,NEE,NEXTERA ENERGY INC,Utilities,92282904.62
8,AMT,AMERICAN TOWER REIT CORP,Real Estate,84068223.54
8,D,DOMINION ENERGY INC,Utilities,52543046.38
8,CCI,CROWN CASTLE INTERNATIONAL REIT CO,Real Estate,50699284.72
8,DUK,DUKE ENERGY CORP,Utilities,48263828.76
8,CL,COLGATE-PALMOLIVE,Consumer Staples,46755052.4
8,SO,SOUTHERN,Utilities,44404377.67
8,AEP,AMERICAN ELECTRIC POWER INC,Utilities,30793432.32
8,DLR,DIGITAL REALTY TRUST REIT INC,Real Estate,26607739.17
8,XEL,XCEL ENERGY INC,Utilities,25991715.48
8,WEC,WEC ENERGY GROUP INC,Utilities,21945777.03
8,ES,EVERSOURCE ENERGY,Utilities,20807626.7
8,CLX,CLOROX,Consumer Staples,19649713.05
8,ED,CONSOLIDATED EDISON INC,Utilities,18945645.75
8,AWK,AMERICAN WATER WORKS INC,Utilities,17525640.0
8,FE,FIRSTENERGY CORP,Utilities,16689199.5
8,AEE,AMEREN CORP,Utilities,13450315.84
8,CMS,CMS ENERGY CORP,Utilities,12581279.88
8,EVRG,EVERGY INC,Utilities,10558978.0
8,ATO,ATMOS ENERGY CORP,Utilities,9127181.61
8,LNT,ALLIANT ENERGY CORP,Utilities,8923416.3
8,WTRG,ESSENTIAL UTILITIES INC,Utilities,7038719.94
8,NI,NISOURCE INC,Utilities,6465045.6
8,IDA,IDACORP INC,Utilities,3272616.0
8,HE,HAWAIIAN ELECTRIC INDUSTRIES INC,Utilities,3018979.72
9,UNH,UNITEDHEALTH GROUP INC,Health Care,204099189.39
9,HD,HOME DEPOT INC,Consumer Discretionary,198711966.53
9,T,AT&T INC,Communication,167644583.05
9,MCD,MCDONALDS CORP,Consumer Discretionary,107540735.2
9,MDT,MEDTRONIC PLC,Health Care,92814072.78
9,PM,PHILIP MORRIS INTERNATIONAL INC,Consumer Staples,84278561.25
9,LOW,LOWES COMPANIES INC,Consumer Discretionary,72859492.34
9,SBUX,STARBUCKS CORP,Consumer Discretionary,65210313.45
9,CHTR,CHARTER COMMUNICATIONS INC CLASS A,Communication,59036507.01
9,SPGI,S&P GLOBAL INC,Financials,57465576.98
9,CI,CIGNA CORP,Health Care,53410376.08
9,ANTM,ANTHEM INC,Health Care,51064156.2
9,TJX,TJX INC,Consumer Discretionary,48651678.78
9,SYK,STRYKER CORP,Health Care,47900819.82
9,CME,CME GROUP INC CLASS A,Financials,46922698.56
9,FISV,FISERV INC,Information Technology,42843538.15
9,CB,CHUBB LTD,Financials,41685130.08
9,MMC,MARSH & MCLENNAN INC,Financials,40212976.3
9,ICE,INTERCONTINENTAL EXCHANGE INC,Financials,38484317.04
9,ECL,ECOLAB INC,Materials,38242387.56
9,HUM,HUMANA INC,Health Care,37591944.98
9,NEM,NEWMONT,Materials,34846960.92
9,SHW,SHERWIN WILLIAMS,Materials,34480986.8
9,AON,AON PLC CLASS A,Financials,31580149.1
9,GD,GENERAL DYNAMICS CORP,Industrials,28851381.0
9,TMUS,T MOBILE US INC,Communication,28477110.51
9,ORLY,OREILLY AUTOMOTIVE INC,Consumer Discretionary,23189035.36
9,ALL,ALLSTATE CORP,Financials,23027619.07
9,TRV,TRAVELERS COMPANIES INC,Financials,21520436.85
9,YUM,YUM BRANDS INC,Consumer Discretionary,20888645.27
9,STZ,CONSTELLATION BRANDS INC CLASS A,Consumer Staples,20340252.64
9,KR,KROGER,Consumer Staples,19807207.5
9,AZO,AUTOZONE INC,Consumer Discretionary,19781767.8
9,IQV,IQVIA HOLDINGS INC,Health Care,18651516.48
9,WLTW,WILLIS TOWERS WATSON PLC,Financials,18126228.0
9,CTAS,CINTAS CORP,Industrials,17041464.0
9,ADM,ARCHER DANIELS MIDLAND,Consumer Staples,16254653.0
9,DLTR,DOLLAR TREE INC,Consumer Discretionary,15867729.9
9,EFX,EQUIFAX INC,Industrials,15481901.35
9,VFC,VF CORP,Consumer Discretionary,13891480.2
9,AJG,ARTHUR J GALLAGHER,Financials,13426643.22
9,DHI,D R HORTON INC,Consumer Discretionary,12931077.21
9,TFX,TELEFLEX INC,Health Care,12323959.74
9,LH,LABORATORY CORPORATION OF AMERICA,Health Care,12038097.75
9,DPZ,DOMINOS PIZZA INC,Consumer Discretionary,11928884.77
9,WY,WEYERHAEUSER REIT,Real Estate,11705255.64
9,DGX,QUEST DIAGNOSTICS INC,Health Care,11287571.22
9,IFF,INTERNATIONAL FLAVORS & FRAGRANCES,Materials,10282052.5
9,LBRDK,LIBERTY BROADBAND CORP SERIES C,Communication,10245595.53
9,HOLX,HOLOGIC INC,Health Care,10042952.88
9,MKL,MARKEL CORP,Financials,9503485.8
9,MAS,MASCO CORP,Industrials,9476887.38
9,GPC,GENUINE PARTS,Consumer Discretionary,8939198.19
9,OMC,OMNICOM GROUP INC,Communication,8930943.45
9,ACGL,ARCH CAPITAL GROUP LTD,Financials,8823450.9
9,CBOE,CBOE GLOBAL MARKETS INC,Financials,8171765.0
9,FDS,FACTSET RESEARCH SYSTEMS INC,Financials,8171602.6
9,CTL,CENTURYLINK INC,Communication,8090589.0
9,MOH,MOLINA HEALTHCARE INC,Health Care,7683624.96
9,XRAY,DENTSPLY SIRONA INC,Health Care,7392156.28
9,RPM,RPM INTERNATIONAL INC,Materials,6992043.52
9,HAS,HASBRO INC,Consumer Discretionary,6792404.8
9,CINF,CINCINNATI FINANCIAL CORP,Financials,6791009.54
9,RNR,RENAISSANCERE HOLDING LTD,Financials,6639455.18
9,AAP,ADVANCE AUTO PARTS INC,Consumer Discretionary,6609904.5
9,CRL,CHARLES RIVER LABORATORIES INTERNA,Health Care,6458202.72
9,RE,EVEREST RE GROUP LTD,Financials,6449426.0
9,NRG,NRG ENERGY INC,Utilities,6416874.09
9,CCK,CROWN HOLDINGS INC,Materials,6166822.1
9,WRB,WR BERKLEY CORP,Financials,6128170.7
9,HSIC,HENRY SCHEIN INC,Health Care,6121779.4
9,COG,CABOT OIL & GAS CORP,Energy,6099076.76
9,GL,GLOBE LIFE INC,Financials,6016126.0
9,RGLD,ROYAL GOLD INC,Materials,6015658.08
9,L,LOEWS CORP,Financials,6005108.88
9,KDP,KEURIG DR PEPPER INC,Consumer Staples,5959675.28
9,LII,LENNOX INTERNATIONAL INC,Industrials,5885392.11
9,WHR,WHIRLPOOL CORP,Consumer Discretionary,5772237.44
9,TTC,TORO,Industrials,5427294.88
9,SCI,SERVICE,Consumer Discretionary,5225838.75
9,Y,ALLEGHANY CORP,Financials,5196527.44
9,CSL,CARLISLE COMPANIES INC,Industrials,5087853.45
9,IPG,INTERPUBLIC GROUP OF COMPANIES INC,Communication,5068901.32
9,AIZ,ASSURANT INC,Financials,4887290.3
9,TAP,MOLSON COORS BREWING CLASS B,Consumer Staples,4794190.4
9,PRAH,PRA HEALTH SCIENCES INC,Health Care,4602930.7
9,FIVE,FIVE BELOW INC,Consumer Discretionary,4541152.0
9,PCG,PG&E CORP,Utilities,4395765.0
9,BERY,BERRY GLOBAL GROUP INC,Materials,4327222.17
9,POST,POST HOLDINGS INC,Consumer Staples,4267172.24
9,NWL,NEWELL BRANDS INC,Consumer Discretionary,4178006.4
9,DNKN,DUNKIN BRANDS GROUP INC,Consumer Discretionary,4124968.26
9,INGR,INGREDION INC,Consumer Staples,4059836.81
9,SMG,SCOTTS MIRACLE GRO,Materials,4015517.24
9,NLSN,NIELSEN HOLDINGS PLC,Industrials,3988754.79
9,SRCL,STERICYCLE INC,Industrials,3799845.42
9,SON,SONOCO PRODUCTS,Materials,3712480.52
9,KMPR,KEMPER CORP,Financials,3097389.36
9,EQC,EQUITY COMMONWEALTH REIT,Real Estate,2921018.88
9,THG,HANOVER INSURANCE GROUP INC,Financials,2886836.64
9,CLGX,CORELOGIC INC,Industrials,2711339.4
9,HRB,H&R BLOCK INC,Consumer Discretionary,2529818.91
9,NFG,NATIONAL FUEL GAS,Utilities,2508143.1
9,AXS,AXIS CAPITAL HOLDINGS LTD,Financials,2412813.38
9,LBRDA,LIBERTY BROADBAND CORP SERIES A,Communication,2381378.34
9,RYN,RAYONIER REIT INC,Real Estate,2376077.91
9,MORN,MORNINGSTAR INC,Financials,2114699.2
9,UHAL,AMERCO,Industrials,2040542.64
9,WTM,WHITE MOUNTAINS INSURANCE GROUP LT,Financials,2019820.32
9,THS,TREEHOUSE FOODS INC,Consumer Staples,2019764.16
9,SLGN,SILGAN HOLDINGS INC,Materials,1844022.91
9,SABR,SABRE CORP,Information Technology,1665123.24
9,TCO,TAUBMAN CENTERS REIT INC,Real Estate,1572703.47
9,TDS,TELEPHONE AND DATA SYSTEMS INC,Communication,1446192.4
9,KAR,KAR AUCTION SERVICES INC,Industrials,1268023.37
9,VIRT,VIRTU FINANCIAL INC CLASS A,Financials,897892.64
9,UFS,DOMTAR CORP,Materials,871340.61
9,MCY,MERCURY GENERAL CORP,Financials,784000.56
9,SEB,SEABOARD CORP,Consumer Staples,656031.48
9,PPC,PILGRIMS PRIDE CORP,Consumer Staples,650247.83
9,CNA,CNA FINANCIAL CORP,Financials,599981.2
9,TFSL,TFS FINANCIAL CORP,Financials,453510.9
